{
  "crs_epsg": 32630,
  "bounds": [
    657557.4126902235,
    5688744.4555286635,
    662667.4126902235,
    5693864.4555286635
  ],
  "res": [
    10.0,
    10.0
  ],
  "width": 511,
  "height": 512
}